{
    "jsonrpc": "2.0",
    "result": {
        "random": {
            "data": [
                0.0753205,
                0.59823072,
                0.46109946,
                0.28453638,
                0.92390558,
                0.53087566,
                0.48139983,
                0.06829921,
                0.1878,
                0.10107864
            ],
            "completionTime": "2015-01-02 03:04:05Z"
        },
        "bitsUsed": 266,
        "bitsLeft": 199734,
        "requestsLeft": 199999,
        "advisoryDelay": 0
    }
}